{
  "model_path": "C:\\Users\\chame\\studia\\sem6\\Inteligencja-obliczeniowa\\lab5-przestrzenie-ciagle\\racing-agent-gymnasium\\experiments\\hp_baseline__arch_light_cnn__seed00__20260518-214604\\models\\best\\best_model.zip",
  "deterministic": true,
  "n_episodes": 50,
  "rewards": [
    67.23549488055119,
    287.82051282049844,
    205.45454545454362,
    219.99999999999815,
    7.382550335571585,
    62.57668711656928,
    271.4285714285546,
    -35.27508090614967,
    213.2911392405021,
    259.25925925924275,
    408.9285714285576,
    -40.3973509933783,
    200.675675675675,
    336.65768194069295,
    38.51351351351661,
    17.647058823531196,
    74.75728155340306,
    261.77474402728626,
    226.53061224489247,
    743.8661710037004,
    543.8356164383396,
    353.21637426899264,
    210.95406360423604,
    307.64331210189323,
    42.3611111111147,
    154.71698113208052,
    -40.00000000000079,
    124.24242424242905,
    -16.33466135458176,
    190.96989966555455,
    214.93506493506155,
    6.719367588933922,
    226.0073260073168,
    187.9746835443075,
    105.22388059701984,
    157.42574257426216,
    237.70491803277807,
    14.803625377644913,
    -34.93150684931587,
    97.91666666667192,
    184.67153284672014,
    40.939597315439606,
    33.33333333333608,
    51.0067114094001,
    192.25352112676188,
    214.28571428570922,
    249.99999999998474,
    315.16245487362954,
    795.8333333333146,
    265.24822695033936
  ],
  "lengths": [
    1000,
    1000,
    1000,
    1000,
    1000,
    1000,
    1000,
    1000,
    1000,
    1000,
    1000,
    1000,
    1000,
    1000,
    1000,
    1000,
    1000,
    1000,
    1000,
    1000,
    1000,
    1000,
    1000,
    1000,
    1000,
    1000,
    1000,
    1000,
    1000,
    1000,
    1000,
    1000,
    1000,
    1000,
    1000,
    1000,
    1000,
    1000,
    1000,
    1000,
    1000,
    1000,
    1000,
    1000,
    1000,
    1000,
    1000,
    1000,
    1000,
    1000
  ],
  "mean_reward": 185.12493908014267,
  "std_reward": 174.47929064927968,
  "median_reward": 191.61171039615823,
  "min_reward": -40.3973509933783,
  "max_reward": 795.8333333333146
}