{
  "model_path": "C:\\Users\\chame\\studia\\sem6\\Inteligencja-obliczeniowa\\lab5-przestrzenie-ciagle\\racing-agent-gymnasium\\experiments\\hp_baseline__arch_light_cnn__seed02__20260519-074316\\models\\best\\best_model.zip",
  "deterministic": true,
  "n_episodes": 50,
  "rewards": [
    63.822525597274776,
    329.4871794871646,
    219.99999999999605,
    -26.66666666666745,
    10.738255033558433,
    28.17668711656549,
    317.8571428571252,
    171.8446601941796,
    241.77215189872166,
    566.6666666666481,
    -52.380952380953204,
    482.7814569536314,
    200.67567567567426,
    350.13477088947724,
    25.00000000000219,
    53.594771241834415,
    -48.220064724919894,
    545.0511945392306,
    37.0262390670585,
    617.4721189590908,
    317.8082191780662,
    250.87719298244247,
    207.42049469964394,
    231.21019108279506,
    38.311111111112666,
    161.00628930818132,
    266.6666666666542,
    18.181818181819985,
    262.5498007967979,
    167.55852842809912,
    292.8571428571279,
    42.292490118580574,
    357.87545787544326,
    187.97468354430802,
    69.56119402985163,
    447.8547854785416,
    483.60655737703456,
    14.80362537764504,
    321.2328767123124,
    62.57222222222339,
    -45.25547445255557,
    51.006711409399344,
    50.00000000000327,
    62.41946308724911,
    290.8450704225208,
    360.7142857142682,
    264.2857142856975,
    250.18050541514688,
    337.4999999999839,
    229.78723404254484
  ],
  "lengths": [
    1000,
    1000,
    1000,
    1000,
    1000,
    345,
    1000,
    1000,
    1000,
    1000,
    1000,
    1000,
    1000,
    1000,
    1000,
    1000,
    1000,
    1000,
    1000,
    1000,
    1000,
    1000,
    1000,
    1000,
    354,
    1000,
    1000,
    1000,
    1000,
    1000,
    1000,
    1000,
    1000,
    1000,
    283,
    1000,
    1000,
    1000,
    1000,
    285,
    1000,
    1000,
    1000,
    256,
    1000,
    1000,
    1000,
    1000,
    1000,
    1000
  ],
  "mean_reward": 203.77077340715266,
  "std_reward": 170.85828355244968,
  "median_reward": 213.71024734982,
  "min_reward": -52.380952380953204,
  "max_reward": 617.4721189590908
}